label,Annualized Return,Annualized Volatility,Sharpe Ratio
Green,-0.011326626181090815,0.3767733484465373,-0.03006217458796192
Traditional,0.04755173923245026,0.22075101280424259,0.21540892894846267
